Tabulka výsledků,Přiřazený link,,Správný link,Poznámka
http://psh.ntkcz.cz/skos/PSH12512,http://cs.wikipedia.org/wiki/Multithreading,1,,
http://psh.ntkcz.cz/skos/PSH762,http://cs.wikipedia.org/wiki/Moč,1,,
http://psh.ntkcz.cz/skos/PSH2042,http://cs.wikipedia.org/wiki/Nanotechnologie,1,,
http://psh.ntkcz.cz/skos/PSH11777,http://cs.wikipedia.org/wiki/Paste,0,,nesedí ani termín ani obor užití
http://psh.ntkcz.cz/skos/PSH155,http://cs.wikipedia.org/wiki/Rotundy,1,,
http://psh.ntkcz.cz/skos/PSH7952,http://cs.wikipedia.org/wiki/Bráhmanismus,1,,
http://psh.ntkcz.cz/skos/PSH8378,http://cs.wikipedia.org/wiki/Republika,1,,
http://psh.ntkcz.cz/skos/PSH6313,http://cs.wikipedia.org/wiki/Jedi,0,http://cs.wikipedia.org/wiki/Jed,
http://psh.ntkcz.cz/skos/PSH9195,http://cs.wikipedia.org/wiki/Psychologické směry,1,,
http://psh.ntkcz.cz/skos/PSH12760,http://cs.wikipedia.org/wiki/Dárcovství krve,1,,
http://psh.ntkcz.cz/skos/PSH1424,http://cs.wikipedia.org/wiki/Ekonomika,1,,
http://psh.ntkcz.cz/skos/PSH1009,http://cs.wikipedia.org/wiki/Znečištění vody,1,,
http://psh.ntkcz.cz/skos/PSH6489,http://cs.wikipedia.org/wiki/Referát,0,http://cs.wikipedia.org/wiki/Refer%C3%A1t_%28dokument%29,
http://psh.ntkcz.cz/skos/PSH479,http://cs.wikipedia.org/wiki/Slunce,1,,
http://psh.ntkcz.cz/skos/PSH3914,http://cs.wikipedia.org/wiki/Odstředivé zrychlení,1,,
http://psh.ntkcz.cz/skos/PSH4920,http://cs.wikipedia.org/wiki/Svor,1,,
http://psh.ntkcz.cz/skos/PSH1529,http://cs.wikipedia.org/wiki/Kapitalismus,1,,
http://psh.ntkcz.cz/skos/PSH767,http://cs.wikipedia.org/wiki/Rozmnožování,1,,
http://psh.ntkcz.cz/skos/PSH6608,http://cs.wikipedia.org/wiki/Teorie složitosti,1,,
http://psh.ntkcz.cz/skos/PSH7065,http://cs.wikipedia.org/wiki/Portugalská literatura,0,,na wiki heslo zatím neexistuje
http://psh.ntkcz.cz/skos/PSH4173,http://cs.wikipedia.org/wiki/Sníh,1,,
http://psh.ntkcz.cz/skos/PSH217,http://cs.wikipedia.org/wiki/Kuchyně,1,,
http://psh.ntkcz.cz/skos/PSH8242,http://cs.wikipedia.org/wiki/Maturita,1,,
http://psh.ntkcz.cz/skos/PSH8503,http://cs.wikipedia.org/wiki/Kolonialismus,1,,
http://psh.ntkcz.cz/skos/PSH13631,http://cs.wikipedia.org/wiki/Digitální fotografie,1,,
http://psh.ntkcz.cz/skos/PSH7799,http://cs.wikipedia.org/wiki/Starý zákon,1,,
http://psh.ntkcz.cz/skos/PSH893,http://cs.wikipedia.org/wiki/Entomologie,1,,
http://psh.ntkcz.cz/skos/PSH1281,http://cs.wikipedia.org/wiki/Cenné papíry,1,,
http://psh.ntkcz.cz/skos/PSH13671,http://cs.wikipedia.org/wiki/Metadata,1,,
http://psh.ntkcz.cz/skos/PSH4534,http://cs.wikipedia.org/wiki/Gejzíry,1,,
http://psh.ntkcz.cz/skos/PSH2125,http://cs.wikipedia.org/wiki/Polovodič,1,,
http://psh.ntkcz.cz/skos/PSH7886,http://cs.wikipedia.org/wiki/Ekumenismus,1,,
http://psh.ntkcz.cz/skos/PSH7650,http://cs.wikipedia.org/wiki/Hahnova-Banachova věta,1,,
http://psh.ntkcz.cz/skos/PSH8010,http://cs.wikipedia.org/wiki/Chlazení,1,,
http://psh.ntkcz.cz/skos/PSH11043,http://cs.wikipedia.org/wiki/Stěrače,1,,
http://psh.ntkcz.cz/skos/PSH12942,http://cs.wikipedia.org/wiki/Kardiologie,1,,
http://psh.ntkcz.cz/skos/PSH1275,http://cs.wikipedia.org/wiki/Nedokonalá konkurence,1,,
http://psh.ntkcz.cz/skos/PSH7084,http://cs.wikipedia.org/wiki/Sentimentalismus,"0,5",,"nejsem literární teoretik, takže si tím nejsem jistá, ale jak jsem tak hledala, tak to vypada, ze je toto heslo špatně zařazeno v PSH. V některých pramenech je sentimentalismus uveden jako podproud preromantismu, v jiných jako synonymum pro preromantismus"
http://psh.ntkcz.cz/skos/PSH304,http://cs.wikipedia.org/wiki/Veřejná prostranství,"0,5",http://cs.wikipedia.org/wiki/Ve%C5%99ejn%C3%A9_prostranstv%C3%AD, nebo http://cs.wikipedia.org/wiki/Prostranstv%C3%AD#Ve.C5.99ejn.C3.A1_prostranstv.C3.AD
http://psh.ntkcz.cz/skos/PSH9864,http://cs.wikipedia.org/wiki/Amplitudová modulace,1,,
http://psh.ntkcz.cz/skos/PSH8076,http://cs.wikipedia.org/wiki/Teorie,1,,
http://psh.ntkcz.cz/skos/PSH3744,http://cs.wikipedia.org/wiki/Refraktometrie,1,,
http://psh.ntkcz.cz/skos/PSH11645,http://cs.wikipedia.org/wiki/Rokoko,1,,
http://psh.ntkcz.cz/skos/PSH794,http://cs.wikipedia.org/wiki/Bazální metabolismus,1,,
http://psh.ntkcz.cz/skos/PSH12210,http://cs.wikipedia.org/wiki/Dělostřelectvo,1,,
http://psh.ntkcz.cz/skos/PSH1731,http://cs.wikipedia.org/wiki/Forfaiting,1,,
http://psh.ntkcz.cz/skos/PSH7953,http://cs.wikipedia.org/wiki/Hinduismus,1,,
http://psh.ntkcz.cz/skos/PSH3291,http://cs.wikipedia.org/wiki/Fyzika pevných látek,1,,
http://psh.ntkcz.cz/skos/PSH2993,http://cs.wikipedia.org/wiki/Aerostatický tlak,1,,
http://psh.ntkcz.cz/skos/PSH13858,http://cs.wikipedia.org/wiki/Astroglie,1,,
http://psh.ntkcz.cz/skos/PSH944,http://cs.wikipedia.org/wiki/Rakovci,1,,
http://psh.ntkcz.cz/skos/PSH13388,http://cs.wikipedia.org/wiki/Koně,1,,
http://psh.ntkcz.cz/skos/PSH7878,http://cs.wikipedia.org/wiki/Patristika,1,,
http://psh.ntkcz.cz/skos/PSH8475,http://cs.wikipedia.org/wiki/Tyranie,1,,
http://psh.ntkcz.cz/skos/PSH6949,http://cs.wikipedia.org/wiki/Dobrodružný román,1,,
http://psh.ntkcz.cz/skos/PSH2611,http://cs.wikipedia.org/wiki/Ontologie,1,,
http://psh.ntkcz.cz/skos/PSH2253,http://cs.wikipedia.org/wiki/Elektrické stroje,1,,
http://psh.ntkcz.cz/skos/PSH1138,http://cs.wikipedia.org/wiki/Parkoviště,1,,
http://psh.ntkcz.cz/skos/PSH6752,http://cs.wikipedia.org/wiki/Nizozemština,1,,
http://psh.ntkcz.cz/skos/PSH13826,http://cs.wikipedia.org/wiki/Chalupy,0,http://cs.wikipedia.org/wiki/Chalupa,
http://psh.ntkcz.cz/skos/PSH8619,http://cs.wikipedia.org/wiki/Kravské mléko,1,,
http://psh.ntkcz.cz/skos/PSH11806,http://cs.wikipedia.org/wiki/Užité umění,1,,
http://psh.ntkcz.cz/skos/PSH6453,http://cs.wikipedia.org/wiki/Adresář,"0,5",http://cs.wikipedia.org/wiki/Adres%C3%A1%C5%99_%28informatika%29,
http://psh.ntkcz.cz/skos/PSH6437,http://cs.wikipedia.org/wiki/Benzin,1,,
http://psh.ntkcz.cz/skos/PSH6147,http://cs.wikipedia.org/wiki/Disacharidy,1,,
http://psh.ntkcz.cz/skos/PSH8125,http://cs.wikipedia.org/wiki/Koherer,0,http://cs.wikipedia.org/wiki/Koherence_%28vln%C4%9Bn%C3%AD%29,
http://psh.ntkcz.cz/skos/PSH152,http://cs.wikipedia.org/wiki/Kost,0,http://cs.wikipedia.org/wiki/Kostel,
http://psh.ntkcz.cz/skos/PSH9342,http://cs.wikipedia.org/wiki/Emoce,1,,
http://psh.ntkcz.cz/skos/PSH11992,http://cs.wikipedia.org/wiki/Kvalitativní analýza,1,,
http://psh.ntkcz.cz/skos/PSH13350,http://cs.wikipedia.org/wiki/Zelenina,1,,
http://psh.ntkcz.cz/skos/PSH7903,http://cs.wikipedia.org/wiki/Zvony,1,,
http://psh.ntkcz.cz/skos/PSH13082,http://cs.wikipedia.org/wiki/Léky,1,,
http://psh.ntkcz.cz/skos/PSH13901,http://cs.wikipedia.org/wiki/Radiologie,1,,
http://psh.ntkcz.cz/skos/PSH10296,http://cs.wikipedia.org/wiki/Videotechnika,1,,
http://psh.ntkcz.cz/skos/PSH5537,http://cs.wikipedia.org/wiki/Dehydratace,1,,
http://psh.ntkcz.cz/skos/PSH6944,http://cs.wikipedia.org/wiki/Próza,1,,
http://psh.ntkcz.cz/skos/PSH3536,http://cs.wikipedia.org/wiki/Vakuum,1,,
http://psh.ntkcz.cz/skos/PSH8814,http://cs.wikipedia.org/wiki/Právní obyčeje,1,,
http://psh.ntkcz.cz/skos/PSH1440,http://cs.wikipedia.org/wiki/Rozvinuté země,1,,
http://psh.ntkcz.cz/skos/PSH6186,http://cs.wikipedia.org/wiki/Aminokyseliny,1,,
http://psh.ntkcz.cz/skos/PSH11729,http://cs.wikipedia.org/wiki/Kamej,1,,
http://psh.ntkcz.cz/skos/PSH9678,http://cs.wikipedia.org/wiki/Asociace,0,,na wiki není příliš konkrétní stránks na toto téma
http://psh.ntkcz.cz/skos/PSH12004,http://cs.wikipedia.org/wiki/Know how,1,,
http://psh.ntkcz.cz/skos/PSH3521,http://cs.wikipedia.org/wiki/Comptonův jev,1,,
http://psh.ntkcz.cz/skos/PSH11932,http://cs.wikipedia.org/wiki/Zpravodajství,1,,
http://psh.ntkcz.cz/skos/PSH13427,http://cs.wikipedia.org/wiki/Plemena zvířat,1,,
http://psh.ntkcz.cz/skos/PSH292,http://cs.wikipedia.org/wiki/Městská zeleň,1,,
http://psh.ntkcz.cz/skos/PSH11108,http://cs.wikipedia.org/wiki/Požární hlásič,1,,
http://psh.ntkcz.cz/skos/PSH6675,http://cs.wikipedia.org/wiki/Poststrukturalismus,1,,
http://psh.ntkcz.cz/skos/PSH8888,http://cs.wikipedia.org/wiki/Penále,1,,
http://psh.ntkcz.cz/skos/PSH784,http://cs.wikipedia.org/wiki/Zárodečný vývoj,1,,
http://psh.ntkcz.cz/skos/PSH9064,http://cs.wikipedia.org/wiki/Rodinné právo,1,,
http://psh.ntkcz.cz/skos/PSH1689,http://cs.wikipedia.org/wiki/Spotřební daň,1,,
http://psh.ntkcz.cz/skos/PSH1781,http://cs.wikipedia.org/wiki/Elektronika,1,,
http://psh.ntkcz.cz/skos/PSH224,http://cs.wikipedia.org/wiki/Pavlač,1,,
http://psh.ntkcz.cz/skos/PSH1389,http://cs.wikipedia.org/wiki/Služby,1,,
http://psh.ntkcz.cz/skos/PSH571,http://cs.wikipedia.org/wiki/Heliocentrismus,1,,
http://psh.ntkcz.cz/skos/PSH5971,http://cs.wikipedia.org/wiki/Cyklopropan,1,,
http://psh.ntkcz.cz/skos/PSH1348,http://cs.wikipedia.org/wiki/Suroviny,1,,
http://psh.ntkcz.cz/skos/PSH10302,http://cs.wikipedia.org/wiki/Dřevozpracující průmysl,"0,5",,nepřesné
http://psh.ntkcz.cz/skos/PSH8827,http://cs.wikipedia.org/wiki/Výklad práva,1,,
http://psh.ntkcz.cz/skos/PSH6750,http://cs.wikipedia.org/wiki/Norština,1,,
http://psh.ntkcz.cz/skos/PSH9032,http://cs.wikipedia.org/wiki/Hypotéka,1,,
http://psh.ntkcz.cz/skos/PSH12905,http://cs.wikipedia.org/wiki/Amnézie,1,,
http://psh.ntkcz.cz/skos/PSH7275,http://cs.wikipedia.org/wiki/Determinant matice,1,,
http://psh.ntkcz.cz/skos/PSH11732,http://cs.wikipedia.org/wiki/Mozaiky,1,,
http://psh.ntkcz.cz/skos/PSH6945,http://cs.wikipedia.org/wiki/Romány,0,http://cs.wikipedia.org/wiki/Rom%C3%A1n,
http://psh.ntkcz.cz/skos/PSH975,http://cs.wikipedia.org/wiki/Ekosystémy,0,http://cs.wikipedia.org/wiki/Ekosyst%C3%A9m,
http://psh.ntkcz.cz/skos/PSH8812,http://cs.wikipedia.org/wiki/Zákony,0,http://cs.wikipedia.org/wiki/Z%C3%A1kon_%28pr%C3%A1vo%29,
http://psh.ntkcz.cz/skos/PSH846,http://cs.wikipedia.org/wiki/Streptokoky,0,http://cs.wikipedia.org/wiki/Streptokok,
http://psh.ntkcz.cz/skos/PSH8761,http://cs.wikipedia.org/wiki/Mlýny,0,http://cs.wikipedia.org/wiki/Ml%C3%BDn,
http://psh.ntkcz.cz/skos/PSH13243,http://cs.wikipedia.org/wiki/Zelinářství,1,,
http://psh.ntkcz.cz/skos/PSH10787,http://cs.wikipedia.org/wiki/Honovací stroj,1,,
http://psh.ntkcz.cz/skos/PSH8423,http://cs.wikipedia.org/wiki/Soudní moc,1,,
http://psh.ntkcz.cz/skos/PSH9329,http://cs.wikipedia.org/wiki/Intuice,1,,
http://psh.ntkcz.cz/skos/PSH173,http://cs.wikipedia.org/wiki/Sklady,0,http://cs.wikipedia.org/wiki/Sklad,
http://psh.ntkcz.cz/skos/PSH6390,http://cs.wikipedia.org/wiki/Výbušniny,1,,
http://psh.ntkcz.cz/skos/PSH5774,http://cs.wikipedia.org/wiki/Rhenium,1,,
http://psh.ntkcz.cz/skos/PSH5671,http://cs.wikipedia.org/wiki/Indikátory,0,http://cs.wikipedia.org/wiki/Indik%C3%A1tor,
http://psh.ntkcz.cz/skos/PSH9695,http://cs.wikipedia.org/wiki/Anarchisté,1,,
http://psh.ntkcz.cz/skos/PSH2919,http://cs.wikipedia.org/wiki/Délka,1,,
http://psh.ntkcz.cz/skos/PSH11883,http://cs.wikipedia.org/wiki/Scénografie,1,,
http://psh.ntkcz.cz/skos/PSH12597,http://cs.wikipedia.org/wiki/Oportunní infekce,1,,
http://psh.ntkcz.cz/skos/PSH7076,http://cs.wikipedia.org/wiki/Ukrajinská literatura,0,,na wiki není článek na toto téma
http://psh.ntkcz.cz/skos/PSH2914,http://cs.wikipedia.org/wiki/Fyzikální veličiny,1,,
http://psh.ntkcz.cz/skos/PSH6316,http://cs.wikipedia.org/wiki/Chemický průmysl,1,,
http://psh.ntkcz.cz/skos/PSH10030,http://cs.wikipedia.org/wiki/Judo,1,,
http://psh.ntkcz.cz/skos/PSH12763,http://cs.wikipedia.org/wiki/Kauterizace,1,,
http://psh.ntkcz.cz/skos/PSH227,http://cs.wikipedia.org/wiki/Halys,0,http://cs.wikipedia.org/wiki/Hala,
http://psh.ntkcz.cz/skos/PSH11288,http://cs.wikipedia.org/wiki/Pokladny,1,,
http://psh.ntkcz.cz/skos/PSH12755,http://cs.wikipedia.org/wiki/Masáž,1,,
http://psh.ntkcz.cz/skos/PSH11663,http://cs.wikipedia.org/wiki/Dadaismus,1,,
http://psh.ntkcz.cz/skos/PSH9455,http://cs.wikipedia.org/wiki/Postoje,1,,
http://psh.ntkcz.cz/skos/PSH9429,http://cs.wikipedia.org/wiki/Stimulace,1,,
http://psh.ntkcz.cz/skos/PSH7113,http://cs.wikipedia.org/wiki/Teorie modelů,1,,
http://psh.ntkcz.cz/skos/PSH9942,http://cs.wikipedia.org/wiki/Fotbal,1,,
http://psh.ntkcz.cz/skos/PSH3445,http://cs.wikipedia.org/wiki/Odraz světla,1,,nepřesné ale budiž
http://psh.ntkcz.cz/skos/PSH7053,http://cs.wikipedia.org/wiki/Japonská literatura,1,,
http://psh.ntkcz.cz/skos/PSH3319,http://cs.wikipedia.org/wiki/Supravodič,1,,
http://psh.ntkcz.cz/skos/PSH8824,http://cs.wikipedia.org/wiki/Derogace,1,,
http://psh.ntkcz.cz/skos/PSH3064,http://cs.wikipedia.org/wiki/Střih,"0,5",http://cs.wikipedia.org/wiki/St%C5%99ih%C3%A1n%C3%AD_%28materi%C3%A1l%29,
http://psh.ntkcz.cz/skos/PSH12514,http://cs.wikipedia.org/wiki/Správa paměti,1,,
http://psh.ntkcz.cz/skos/PSH12568,http://cs.wikipedia.org/wiki/Vizualizace,1,,
http://psh.ntkcz.cz/skos/PSH12492,http://cs.wikipedia.org/wiki/HTML,1,,
http://psh.ntkcz.cz/skos/PSH7421,http://cs.wikipedia.org/wiki/Konvergence řady,1,,
http://psh.ntkcz.cz/skos/PSH8474,http://cs.wikipedia.org/wiki/Theokracie,1,,
http://psh.ntkcz.cz/skos/PSH2826,http://cs.wikipedia.org/wiki/Antická filozofie,1,,
http://psh.ntkcz.cz/skos/PSH207,http://cs.wikipedia.org/wiki/Hlavice,0,http://cs.wikipedia.org/wiki/Hlavice_%28architektura%29,
http://psh.ntkcz.cz/skos/PSH12505,http://cs.wikipedia.org/wiki/MacOS,1,,
http://psh.ntkcz.cz/skos/PSH8693,http://cs.wikipedia.org/wiki/Víno,1,,
http://psh.ntkcz.cz/skos/PSH13674,http://cs.wikipedia.org/wiki/E-learning,1,,
http://psh.ntkcz.cz/skos/PSH7497,http://cs.wikipedia.org/wiki/Tenzorová analýza,1,,
http://psh.ntkcz.cz/skos/PSH320,http://cs.wikipedia.org/wiki/Astronomie,1,,
http://psh.ntkcz.cz/skos/PSH2941,http://cs.wikipedia.org/wiki/Rychlost,1,,
http://psh.ntkcz.cz/skos/PSH6815,http://cs.wikipedia.org/wiki/Lexikologie,1,,
http://psh.ntkcz.cz/skos/PSH1635,http://cs.wikipedia.org/wiki/Zdravotní pojištění,1,,
http://psh.ntkcz.cz/skos/PSH7336,http://cs.wikipedia.org/wiki/Diferenciální geometrie,1,,
http://psh.ntkcz.cz/skos/PSH5759,http://cs.wikipedia.org/wiki/Aktinium,1,,
http://psh.ntkcz.cz/skos/PSH6660,http://cs.wikipedia.org/wiki/Přesvědčování,1,,
http://psh.ntkcz.cz/skos/PSH12516,http://cs.wikipedia.org/wiki/Umělá inteligence,1,,
http://psh.ntkcz.cz/skos/PSH12231,http://cs.wikipedia.org/wiki/Ozbrojený konflikt,1,,
http://psh.ntkcz.cz/skos/PSH3200,http://cs.wikipedia.org/wiki/Teplotní stupnice,1,,
http://psh.ntkcz.cz/skos/PSH6751,http://cs.wikipedia.org/wiki/Dánština,1,,
http://psh.ntkcz.cz/skos/PSH3335,http://cs.wikipedia.org/wiki/Luminiscence,1,,
http://psh.ntkcz.cz/skos/PSH13299,http://cs.wikipedia.org/wiki/Půdy,1,,
http://psh.ntkcz.cz/skos/PSH6255,http://cs.wikipedia.org/wiki/Guanin,1,,
http://psh.ntkcz.cz/skos/PSH3423,http://cs.wikipedia.org/wiki/Optika,1,,
http://psh.ntkcz.cz/skos/PSH13856,http://cs.wikipedia.org/wiki/Im,"0,5",http://cs.wikipedia.org/wiki/IMS,
http://psh.ntkcz.cz/skos/PSH13517,http://cs.wikipedia.org/wiki/Sluneční záření,1,,
http://psh.ntkcz.cz/skos/PSH3258,http://cs.wikipedia.org/wiki/Termodynamické zákony,1,,
http://psh.ntkcz.cz/skos/PSH8672,http://cs.wikipedia.org/wiki/Cukry,1,http://cs.wikipedia.org/wiki/Cukr,"přijde mi lepší tento článek, jelikož se jedná o cukr z pohledu potravinářské výroby nikoli chemie:"
http://psh.ntkcz.cz/skos/PSH7571,http://cs.wikipedia.org/wiki/Integrální transformace,1,,
http://psh.ntkcz.cz/skos/PSH2253,http://cs.wikipedia.org/wiki/Elektrické stroje,1,,
http://psh.ntkcz.cz/skos/PSH4441,http://cs.wikipedia.org/wiki/Strukturní geologie,1,,
http://psh.ntkcz.cz/skos/PSH407,http://cs.wikipedia.org/wiki/Trpaslíci,0,,neexistuje přesný článek na toto téma
http://psh.ntkcz.cz/skos/PSH13321,http://cs.wikipedia.org/wiki/Plodiny,1,,
http://psh.ntkcz.cz/skos/PSH4418,http://cs.wikipedia.org/wiki/Politická geografie,1,,
http://psh.ntkcz.cz/skos/PSH11657,http://cs.wikipedia.org/wiki/Expresionismus,1,,
http://psh.ntkcz.cz/skos/PSH1150,http://cs.wikipedia.org/wiki/Metro,1,,
http://psh.ntkcz.cz/skos/PSH6826,http://cs.wikipedia.org/wiki/Frazeologie,1,,
http://psh.ntkcz.cz/skos/PSH1436,http://cs.wikipedia.org/wiki/Agregátní nabídka,1,,
http://psh.ntkcz.cz/skos/PSH8208,http://cs.wikipedia.org/wiki/Základní vzdělání,1,,
http://psh.ntkcz.cz/skos/PSH11906,http://cs.wikipedia.org/wiki/Tanec,1,,
http://psh.ntkcz.cz/skos/PSH5960,http://cs.wikipedia.org/wiki/Nonan,1,,
http://psh.ntkcz.cz/skos/PSH7974,http://cs.wikipedia.org/wiki/New Age,1,,
http://psh.ntkcz.cz/skos/PSH6897,http://cs.wikipedia.org/wiki/Dialog,1,,
http://psh.ntkcz.cz/skos/PSH7981,http://cs.wikipedia.org/wiki/Odolnost,"0,5",,
http://psh.ntkcz.cz/skos/PSH12386,http://cs.wikipedia.org/wiki/FDDI,1,,
http://psh.ntkcz.cz/skos/PSH4417,http://cs.wikipedia.org/wiki/Geografie sídel,1,,
http://psh.ntkcz.cz/skos/PSH7091,http://cs.wikipedia.org/wiki/Literární kritika,1,,
http://psh.ntkcz.cz/skos/PSH11665,http://cs.wikipedia.org/wiki/Surrealismus,1,,
http://psh.ntkcz.cz/skos/PSH9939,http://cs.wikipedia.org/wiki/Baseball,1,,
http://psh.ntkcz.cz/skos/PSH576,http://cs.wikipedia.org/wiki/Biogenní prvky,1,,
http://psh.ntkcz.cz/skos/PSH5915,http://cs.wikipedia.org/wiki/Funkční skupiny,0,http://cs.wikipedia.org/wiki/Funk%C4%8Dn%C3%AD_skupina,
http://psh.ntkcz.cz/skos/PSH11593,http://cs.wikipedia.org/wiki/Výtvarné umění,1,,
http://psh.ntkcz.cz/skos/PSH4614,http://cs.wikipedia.org/wiki/Kambrium,1,,
http://psh.ntkcz.cz/skos/PSH742,http://cs.wikipedia.org/wiki/Oko,1,,
http://psh.ntkcz.cz/skos/PSH13460,http://cs.wikipedia.org/wiki/Nemoci zvířat,1,,na wiki neexistuje článek k tomuto heslu
http://psh.ntkcz.cz/skos/PSH6295,http://cs.wikipedia.org/wiki/Insulin,1,,
http://psh.ntkcz.cz/skos/PSH8444,http://cs.wikipedia.org/wiki/Prezidentský systém,1,,
http://psh.ntkcz.cz/skos/PSH3457,http://cs.wikipedia.org/wiki/Mikroskopie,0,http://cs.wikipedia.org/wiki/Mikroskop,
http://psh.ntkcz.cz/skos/PSH6263,http://cs.wikipedia.org/wiki/Lyázy,0,http://cs.wikipedia.org/wiki/Ly%C3%A1za,
http://psh.ntkcz.cz/skos/PSH542,http://cs.wikipedia.org/wiki/Astronomická jednotka,1,,
http://psh.ntkcz.cz/skos/PSH5507,http://cs.wikipedia.org/wiki/Polymorfie,1,,
http://psh.ntkcz.cz/skos/PSH5872,http://cs.wikipedia.org/wiki/Dusičnany,1,,
http://psh.ntkcz.cz/skos/PSH3379,http://cs.wikipedia.org/wiki/Toroid,1,,
http://psh.ntkcz.cz/skos/PSH5046,http://cs.wikipedia.org/wiki/Mezolit,1,,
http://psh.ntkcz.cz/skos/PSH9609,http://cs.wikipedia.org/wiki/Industrializace,1,,
http://psh.ntkcz.cz/skos/PSH867,http://cs.wikipedia.org/wiki/Plísně,1,,
http://psh.ntkcz.cz/skos/PSH1128,http://cs.wikipedia.org/wiki/Silniční tunely,0,http://cs.wikipedia.org/wiki/Tunel,"přesný článek není, ale možná leší toto: "
http://psh.ntkcz.cz/skos/PSH13565,http://cs.wikipedia.org/wiki/Obory,0,http://cs.wikipedia.org/wiki/Obora,
http://psh.ntkcz.cz/skos/PSH2979,http://cs.wikipedia.org/wiki/Tíha,1,,
http://psh.ntkcz.cz/skos/PSH3768,http://cs.wikipedia.org/wiki/Geofyzika,1,,
http://psh.ntkcz.cz/skos/PSH6060,http://cs.wikipedia.org/wiki/Organická syntéza,1,,
http://psh.ntkcz.cz/skos/PSH10051,http://cs.wikipedia.org/wiki/Parašutismus,1,,
http://psh.ntkcz.cz/skos/PSH6644,http://cs.wikipedia.org/wiki/Obecná lingvistika,1,,
http://psh.ntkcz.cz/skos/PSH201,http://cs.wikipedia.org/wiki/Architráv,1,,
http://psh.ntkcz.cz/skos/PSH5839,http://cs.wikipedia.org/wiki/Stopové prvky,1,,
http://psh.ntkcz.cz/skos/PSH13360,http://cs.wikipedia.org/wiki/Potomstvo,1,,
http://psh.ntkcz.cz/skos/PSH13271,http://cs.wikipedia.org/wiki/Ochrana rostlin,0,,na wiki neexistuje článek s touto tematikou
http://psh.ntkcz.cz/skos/PSH6006,http://cs.wikipedia.org/wiki/Deriváty uhlovodíků,1,,
http://psh.ntkcz.cz/skos/PSH668,http://cs.wikipedia.org/wiki/Klouby,1,,
http://psh.ntkcz.cz/skos/PSH8565,http://cs.wikipedia.org/wiki/Konfrontace,1,,
http://psh.ntkcz.cz/skos/PSH5042,http://cs.wikipedia.org/wiki/Historie,1,,
http://psh.ntkcz.cz/skos/PSH10041,http://cs.wikipedia.org/wiki/Box,1,,
http://psh.ntkcz.cz/skos/PSH7340,http://cs.wikipedia.org/wiki/Deskriptivní geometrie,1,,
http://psh.ntkcz.cz/skos/PSH11796,http://cs.wikipedia.org/wiki/Sítotisk,1,,
http://psh.ntkcz.cz/skos/PSH4840,http://cs.wikipedia.org/wiki/Syenit,1,,
http://psh.ntkcz.cz/skos/PSH7594,http://cs.wikipedia.org/wiki/Deterministický chaos,1,,
http://psh.ntkcz.cz/skos/PSH7045,http://cs.wikipedia.org/wiki/Skandinávská literatura,1,,
http://psh.ntkcz.cz/skos/PSH7177,http://cs.wikipedia.org/wiki/Teorie čísel,1,,
http://psh.ntkcz.cz/skos/PSH7627,http://cs.wikipedia.org/wiki/Diferenční rovnice,1,,
http://psh.ntkcz.cz/skos/PSH958,http://cs.wikipedia.org/wiki/Biofyzika,1,,
http://psh.ntkcz.cz/skos/PSH8048,http://cs.wikipedia.org/wiki/Prvky,1,,
http://psh.ntkcz.cz/skos/PSH10815,http://cs.wikipedia.org/wiki/Hydraulika,1,,
http://psh.ntkcz.cz/skos/PSH7769,http://cs.wikipedia.org/wiki/Náboženství,1,,
http://psh.ntkcz.cz/skos/PSH126,http://cs.wikipedia.org/wiki/Budovy,1,http://cs.wikipedia.org/wiki/Budova,
http://psh.ntkcz.cz/skos/PSH8460,http://cs.wikipedia.org/wiki/Světový názor,1,,
http://psh.ntkcz.cz/skos/PSH9419,http://cs.wikipedia.org/wiki/Vlohy,1,,
http://psh.ntkcz.cz/skos/PSH6885,http://cs.wikipedia.org/wiki/Souvětí,1,,
http://psh.ntkcz.cz/skos/PSH1222,http://cs.wikipedia.org/wiki/Podnikání,1,,
http://psh.ntkcz.cz/skos/PSH10080,http://cs.wikipedia.org/wiki/Syntetická vlákna,1,,
http://psh.ntkcz.cz/skos/PSH5059,http://cs.wikipedia.org/wiki/Novověk,1,,
http://psh.ntkcz.cz/skos/PSH718,http://cs.wikipedia.org/wiki/Krev,1,,
http://psh.ntkcz.cz/skos/PSH345,http://cs.wikipedia.org/wiki/Nadir,1,,
http://psh.ntkcz.cz/skos/PSH12391,http://cs.wikipedia.org/wiki/Procesory,1,,
http://psh.ntkcz.cz/skos/PSH3549,http://cs.wikipedia.org/wiki/Kvantová mechanika,1,,
http://psh.ntkcz.cz/skos/PSH7857,http://cs.wikipedia.org/wiki/Křížové výpravy,1,,
http://psh.ntkcz.cz/skos/PSH9946,http://cs.wikipedia.org/wiki/Kulečník,1,,
http://psh.ntkcz.cz/skos/PSH7166,http://cs.wikipedia.org/wiki/Stromy,0,http://cs.wikipedia.org/wiki/Strom_%28graf%29,"jedná se o jiný obor, správný článek je zde: "
http://psh.ntkcz.cz/skos/PSH7209,http://cs.wikipedia.org/wiki/Přirozená čísla,1,,
http://psh.ntkcz.cz/skos/PSH10164,http://cs.wikipedia.org/wiki/Majolika,1,,
http://psh.ntkcz.cz/skos/PSH70,http://cs.wikipedia.org/wiki/Folklore,0,http://cs.wikipedia.org/wiki/Folklor,"jiný termín, správný je tento: "
http://psh.ntkcz.cz/skos/PSH3825,http://cs.wikipedia.org/wiki/Tabule,0,,wikipedie nemá článek na toto téma
http://psh.ntkcz.cz/skos/PSH6446,http://cs.wikipedia.org/wiki/Knihovnictví,1,,
http://psh.ntkcz.cz/skos/PSH4566,http://cs.wikipedia.org/wiki/Kadomské vrásnění,1,,
http://psh.ntkcz.cz/skos/PSH7767,http://cs.wikipedia.org/wiki/Paralelní výpočty,1,,
http://psh.ntkcz.cz/skos/PSH379,http://cs.wikipedia.org/wiki/Letní čas,1,,
http://psh.ntkcz.cz/skos/PSH5900,http://cs.wikipedia.org/wiki/Halogenidy,1,,
http://psh.ntkcz.cz/skos/PSH12350,http://cs.wikipedia.org/wiki/Autorizace,1,,
http://psh.ntkcz.cz/skos/PSH9950,http://cs.wikipedia.org/wiki/Florbal,1,,
http://psh.ntkcz.cz/skos/PSH5484,http://cs.wikipedia.org/wiki/Optická izomerie,1,,
http://psh.ntkcz.cz/skos/PSH11593,http://cs.wikipedia.org/wiki/Výtvarné umění,1,,
http://psh.ntkcz.cz/skos/PSH13376,http://cs.wikipedia.org/wiki/Drůbež,1,,
http://psh.ntkcz.cz/skos/PSH7340,http://cs.wikipedia.org/wiki/Deskriptivní geometrie,1,,
http://psh.ntkcz.cz/skos/PSH5459,http://cs.wikipedia.org/wiki/Izomery,1,,
http://psh.ntkcz.cz/skos/PSH12931,http://cs.wikipedia.org/wiki/Lékařství,1,,
http://psh.ntkcz.cz/skos/PSH901,http://cs.wikipedia.org/wiki/Hlavatci,1,,
http://psh.ntkcz.cz/skos/PSH5771,http://cs.wikipedia.org/wiki/Uran,0,http://cs.wikipedia.org/wiki/Uran_%28prvek%29,"jedná se o oblast chemie, takže je to tento článek:"
http://psh.ntkcz.cz/skos/PSH238,http://cs.wikipedia.org/wiki/Dvory,0,http://cs.wikipedia.org/wiki/Dv%C5%AFr_%28prostranstv%C3%AD%29,článek k tomuto tématu na wiki není. Možná lze použít tento: 
http://psh.ntkcz.cz/skos/PSH11759,http://cs.wikipedia.org/wiki/Ilustrace,1,,
http://psh.ntkcz.cz/skos/PSH6131,http://cs.wikipedia.org/wiki/Tuky,1,,
http://psh.ntkcz.cz/skos/PSH4059,http://cs.wikipedia.org/wiki/Ozonová vrstva,1,,
http://psh.ntkcz.cz/skos/PSH2083,http://cs.wikipedia.org/wiki/Digitalizace,1,,
http://psh.ntkcz.cz/skos/PSH3945,http://cs.wikipedia.org/wiki/Remanentní magnetizace,1,,
http://psh.ntkcz.cz/skos/PSH13793,http://cs.wikipedia.org/wiki/Roztroušená skleróza,1,,
http://psh.ntkcz.cz/skos/PSH6135,http://cs.wikipedia.org/wiki/Mastné kyseliny,1,,
http://psh.ntkcz.cz/skos/PSH756,http://cs.wikipedia.org/wiki/Fyziologie,1,,
http://psh.ntkcz.cz/skos/PSH10237,http://cs.wikipedia.org/wiki/Hudební nástroj,1,,
http://psh.ntkcz.cz/skos/PSH8382,http://cs.wikipedia.org/wiki/Absolutismus,1,,
http://psh.ntkcz.cz/skos/PSH6191,http://cs.wikipedia.org/wiki/Skleroproteiny,1,,
http://psh.ntkcz.cz/skos/PSH13704,http://cs.wikipedia.org/wiki/Osteoporóza,1,,
http://psh.ntkcz.cz/skos/PSH12504,http://cs.wikipedia.org/wiki/2,0,http://cs.wikipedia.org/wiki/OS/2,"odkaz je nerelevantní, správný zde: "
http://psh.ntkcz.cz/skos/PSH8478,http://cs.wikipedia.org/wiki/Fašismus,1,,
http://psh.ntkcz.cz/skos/PSH556,http://cs.wikipedia.org/wiki/Kosmické sondy,1,,
http://psh.ntkcz.cz/skos/PSH3225,http://cs.wikipedia.org/wiki/Izochora,1,,
http://psh.ntkcz.cz/skos/PSH2963,http://cs.wikipedia.org/wiki/Práce,0,http://cs.wikipedia.org/wiki/Pr%C3%A1ce_%28fyzika%29,"jedná se o termín práce z pohledu mechaniky, takže zde: "
http://psh.ntkcz.cz/skos/PSH3423,http://cs.wikipedia.org/wiki/Optika,1,,
http://psh.ntkcz.cz/skos/PSH2916,http://cs.wikipedia.org/wiki/Hmotnost,1,,
http://psh.ntkcz.cz/skos/PSH13055,http://cs.wikipedia.org/wiki/Resuscitace,1,,
http://psh.ntkcz.cz/skos/PSH4039,http://cs.wikipedia.org/wiki/Atmosféra,1,,
http://psh.ntkcz.cz/skos/PSH11931,http://cs.wikipedia.org/wiki/Televize,0,http://cs.wikipedia.org/wiki/Televize_%28m%C3%A9dium%29,"termín je chápán z pohledu médií, proto je lepší tento článek: "
http://psh.ntkcz.cz/skos/PSH3498,http://cs.wikipedia.org/wiki/Světelná energie,1,,
http://psh.ntkcz.cz/skos/PSH6707,http://cs.wikipedia.org/wiki/Romanistika,1,,
http://psh.ntkcz.cz/skos/PSH819,http://cs.wikipedia.org/wiki/Mutace,1,,
http://psh.ntkcz.cz/skos/PSH5870,http://cs.wikipedia.org/wiki/Kyanáty,1,,
http://psh.ntkcz.cz/skos/PSH341,http://cs.wikipedia.org/wiki/Jarní bod,1,,
http://psh.ntkcz.cz/skos/PSH11647,http://cs.wikipedia.org/wiki/Realismus,1,,
http://psh.ntkcz.cz/skos/PSH914,http://cs.wikipedia.org/wiki/Paryby,1,,
http://psh.ntkcz.cz/skos/PSH13103,http://cs.wikipedia.org/wiki/Analgetika,1,,
http://psh.ntkcz.cz/skos/PSH3262,http://cs.wikipedia.org/wiki/Entropie,1,,
http://psh.ntkcz.cz/skos/PSH5763,http://cs.wikipedia.org/wiki/Cer,1,,
http://psh.ntkcz.cz/skos/PSH3718,http://cs.wikipedia.org/wiki/Aplikovaná fyzika,1,,
http://psh.ntkcz.cz/skos/PSH11314,http://cs.wikipedia.org/wiki/Zábavní parky,1,,
http://psh.ntkcz.cz/skos/PSH4196,http://cs.wikipedia.org/wiki/Středomořské podnebí,1,,
http://psh.ntkcz.cz/skos/PSH9311,http://cs.wikipedia.org/wiki/Vnímání,1,,
http://psh.ntkcz.cz/skos/PSH12115,http://cs.wikipedia.org/wiki/Odpadní vody,1,,
http://psh.ntkcz.cz/skos/PSH12298,http://cs.wikipedia.org/wiki/Chemické zbraně,1,,
http://psh.ntkcz.cz/skos/PSH7093,http://cs.wikipedia.org/wiki/Matematika,1,,
http://psh.ntkcz.cz/skos/PSH6690,http://cs.wikipedia.org/wiki/Indoevropeistika,1,,
http://psh.ntkcz.cz/skos/PSH8015,http://cs.wikipedia.org/wiki/Konstrukce,1,,
http://psh.ntkcz.cz/skos/PSH358,http://cs.wikipedia.org/wiki/Měření času,1,,
http://psh.ntkcz.cz/skos/PSH2913,http://cs.wikipedia.org/wiki/Soustava jednotek SI,1,,
http://psh.ntkcz.cz/skos/PSH7826,http://cs.wikipedia.org/wiki/Českobratrská církev evangelická,1,,
http://psh.ntkcz.cz/skos/PSH3439,http://cs.wikipedia.org/wiki/Světelný tok,1,,
http://psh.ntkcz.cz/skos/PSH827,http://cs.wikipedia.org/wiki/Virologie,1,,
http://psh.ntkcz.cz/skos/PSH631,http://cs.wikipedia.org/wiki/Embryologie,1,,
http://psh.ntkcz.cz/skos/PSH3329,http://cs.wikipedia.org/wiki/Polarizace dielektrika,1,,
http://psh.ntkcz.cz/skos/PSH6043,http://cs.wikipedia.org/wiki/Dextriny,1,,
http://psh.ntkcz.cz/skos/PSH241,http://cs.wikipedia.org/wiki/Sala terrena,1,,
http://psh.ntkcz.cz/skos/PSH11038,http://cs.wikipedia.org/wiki/Chladicí kapalina,1,,
http://psh.ntkcz.cz/skos/PSH10172,http://cs.wikipedia.org/wiki/Kamenina,1,,
http://psh.ntkcz.cz/skos/PSH5172,http://cs.wikipedia.org/wiki/Vexillologie,1,,
http://psh.ntkcz.cz/skos/PSH1038,http://cs.wikipedia.org/wiki/Doprava,1,,
http://psh.ntkcz.cz/skos/PSH12574,http://cs.wikipedia.org/wiki/Multimédia,1,,
http://psh.ntkcz.cz/skos/PSH4629,http://cs.wikipedia.org/wiki/Holocén,1,,
http://psh.ntkcz.cz/skos/PSH12493,http://cs.wikipedia.org/wiki/TeX,1,,
http://psh.ntkcz.cz/skos/PSH6421,http://cs.wikipedia.org/wiki/Tenzidy,1,,
http://psh.ntkcz.cz/skos/PSH6673,http://cs.wikipedia.org/wiki/Pražská lingvistická škola,1,,
http://psh.ntkcz.cz/skos/PSH2051,http://cs.wikipedia.org/wiki/Optické prostředí,1,,
http://psh.ntkcz.cz/skos/PSH933,http://cs.wikipedia.org/wiki/Výtrusovci,1,,
http://psh.ntkcz.cz/skos/PSH13334,http://cs.wikipedia.org/wiki/Tritikale,1,,
http://psh.ntkcz.cz/skos/PSH4425,http://cs.wikipedia.org/wiki/Sňatečnost,1,,
http://psh.ntkcz.cz/skos/PSH12845,http://cs.wikipedia.org/wiki/Pohlaví,1,,
http://psh.ntkcz.cz/skos/PSH1310,http://cs.wikipedia.org/wiki/Příjem,0,,pro tento termín není na wiki článek
http://psh.ntkcz.cz/skos/PSH1736,http://cs.wikipedia.org/wiki/Elektronické obchodování,1,,
http://psh.ntkcz.cz/skos/PSH2777,http://cs.wikipedia.org/wiki/Mravnost,1,,
http://psh.ntkcz.cz/skos/PSH2962,http://cs.wikipedia.org/wiki/Kinetická energie,1,,
http://psh.ntkcz.cz/skos/PSH10305,http://cs.wikipedia.org/wiki/Korek,1,,
http://psh.ntkcz.cz/skos/PSH8544,http://cs.wikipedia.org/wiki/Vlastenectví,1,,
http://psh.ntkcz.cz/skos/PSH4918,http://cs.wikipedia.org/wiki/Ortorula,1,,
http://psh.ntkcz.cz/skos/PSH11814,http://cs.wikipedia.org/wiki/Designer,1,,
http://psh.ntkcz.cz/skos/PSH12521,http://cs.wikipedia.org/wiki/Rozpoznávání řeči,1,,
http://psh.ntkcz.cz/skos/PSH4626,http://cs.wikipedia.org/wiki/Neogén,1,,
http://psh.ntkcz.cz/skos/PSH1364,http://cs.wikipedia.org/wiki/Mzda,1,,
http://psh.ntkcz.cz/skos/PSH7957,http://cs.wikipedia.org/wiki/Taoismus,1,,
http://psh.ntkcz.cz/skos/PSH11895,http://cs.wikipedia.org/wiki/Muzikál,1,,
http://psh.ntkcz.cz/skos/PSH7130,http://cs.wikipedia.org/wiki/Teorie množin,1,,
http://psh.ntkcz.cz/skos/PSH7545,http://cs.wikipedia.org/wiki/Aproximace,1,,
http://psh.ntkcz.cz/skos/PSH5075,http://cs.wikipedia.org/wiki/Tradice,1,,
http://psh.ntkcz.cz/skos/PSH295,http://cs.wikipedia.org/wiki/Nábřeží,1,,
http://psh.ntkcz.cz/skos/PSH1034,http://cs.wikipedia.org/wiki/Expedice,0,,na wiki není článek k tomuto heslu
http://psh.ntkcz.cz/skos/PSH11675,http://cs.wikipedia.org/wiki/Verismus,1,,
http://psh.ntkcz.cz/skos/PSH6757,http://cs.wikipedia.org/wiki/Latina,1,,
http://psh.ntkcz.cz/skos/PSH3672,http://cs.wikipedia.org/wiki/Uhlíkový cyklus,1,,
http://psh.ntkcz.cz/skos/PSH6459,http://cs.wikipedia.org/wiki/Slovníky,0,http://cs.wikipedia.org/wiki/Slovn%C3%ADk,mělo by odkazovat na: 
http://psh.ntkcz.cz/skos/PSH7210,http://cs.wikipedia.org/wiki/Celá čísla,1,,
http://psh.ntkcz.cz/skos/PSH699,http://cs.wikipedia.org/wiki/Pohrudnice,1,,
http://psh.ntkcz.cz/skos/PSH5668,http://cs.wikipedia.org/wiki/Redoxní potenciál,1,,
http://psh.ntkcz.cz/skos/PSH7886,http://cs.wikipedia.org/wiki/Ekumenismus,1,,
http://psh.ntkcz.cz/skos/PSH5141,http://cs.wikipedia.org/wiki/Indologie,1,,
http://psh.ntkcz.cz/skos/PSH13330,http://cs.wikipedia.org/wiki/Ječmen,1,,
http://psh.ntkcz.cz/skos/PSH5458,http://cs.wikipedia.org/wiki/Izomerie,1,,
http://psh.ntkcz.cz/skos/PSH12040,http://cs.wikipedia.org/wiki/Minerální prameny,1,,
http://psh.ntkcz.cz/skos/PSH6196,http://cs.wikipedia.org/wiki/Lipoproteiny,1,,
http://psh.ntkcz.cz/skos/PSH9942,http://cs.wikipedia.org/wiki/Fotbal,1,,
http://psh.ntkcz.cz/skos/PSH9905,http://cs.wikipedia.org/wiki/Sportovní soutěže,0,http://cs.wikipedia.org/wiki/Sport,"neexistuje přesný článek, možná by šel obecnější sport: "
http://psh.ntkcz.cz/skos/PSH9863,http://cs.wikipedia.org/wiki/Modulace,1,,
http://psh.ntkcz.cz/skos/PSH4260,http://cs.wikipedia.org/wiki/Mapy,1,,
http://psh.ntkcz.cz/skos/PSH12194,http://cs.wikipedia.org/wiki/Studená válka,1,,
http://psh.ntkcz.cz/skos/PSH4924,http://cs.wikipedia.org/wiki/Eklogit,1,,
http://psh.ntkcz.cz/skos/PSH947,http://cs.wikipedia.org/wiki/Strunatci,1,,
http://psh.ntkcz.cz/skos/PSH2075,http://cs.wikipedia.org/wiki/Optoelektronika,1,,
http://psh.ntkcz.cz/skos/PSH3659,http://cs.wikipedia.org/wiki/Přirozená radioaktivita,1,,
http://psh.ntkcz.cz/skos/PSH731,http://cs.wikipedia.org/wiki/Tykadla,1,,
http://psh.ntkcz.cz/skos/PSH13199,http://cs.wikipedia.org/wiki/Zdraví,1,,
http://psh.ntkcz.cz/skos/PSH13436,http://cs.wikipedia.org/wiki/Laktace,1,,
http://psh.ntkcz.cz/skos/PSH764,http://cs.wikipedia.org/wiki/Elektrofyziologie,0,http://cs.wikipedia.org/wiki/Fyziologie,"neexistuje článek na tento termín, obecnější "
http://psh.ntkcz.cz/skos/PSH13705,http://cs.wikipedia.org/wiki/Paralelní programování,1,,
http://psh.ntkcz.cz/skos/PSH7331,http://cs.wikipedia.org/wiki/Algebraická geometrie,1,,
http://psh.ntkcz.cz/skos/PSH7768,http://cs.wikipedia.org/wiki/Výpočetní složitost,1,,
http://psh.ntkcz.cz/skos/PSH5160,http://cs.wikipedia.org/wiki/Pomocné vědy historické,1,,
http://psh.ntkcz.cz/skos/PSH3038,http://cs.wikipedia.org/wiki/Teplotní roztažnost,1,,
http://psh.ntkcz.cz/skos/PSH6293,http://cs.wikipedia.org/wiki/Parathormon,1,,
http://psh.ntkcz.cz/skos/PSH9214,http://cs.wikipedia.org/wiki/Obecná psychologie,1,,
http://psh.ntkcz.cz/skos/PSH863,http://cs.wikipedia.org/wiki/Mykologie,1,,
http://psh.ntkcz.cz/skos/PSH1529,http://cs.wikipedia.org/wiki/Kapitalismus,1,,
http://psh.ntkcz.cz/skos/PSH854,http://cs.wikipedia.org/wiki/Botanika,1,,
http://psh.ntkcz.cz/skos/PSH12494,http://cs.wikipedia.org/wiki/XML,1,,
http://psh.ntkcz.cz/skos/PSH6302,http://cs.wikipedia.org/wiki/Fytohormony,1,,
http://psh.ntkcz.cz/skos/PSH9351,http://cs.wikipedia.org/wiki/Tréma,1,,
http://psh.ntkcz.cz/skos/PSH8139,http://cs.wikipedia.org/wiki/Speciální pedagogika,1,,
http://psh.ntkcz.cz/skos/PSH13081,http://cs.wikipedia.org/wiki/Farmakologie,1,,
http://psh.ntkcz.cz/skos/PSH5841,http://cs.wikipedia.org/wiki/Anorganické sloučeniny,1,,
http://psh.ntkcz.cz/skos/PSH6527,http://cs.wikipedia.org/wiki/Informační systémy,1,,
http://psh.ntkcz.cz/skos/PSH10248,http://cs.wikipedia.org/wiki/Hračky,1,,
http://psh.ntkcz.cz/skos/PSH12046,http://cs.wikipedia.org/wiki/Zavlažování,1,,
http://psh.ntkcz.cz/skos/PSH6901,http://cs.wikipedia.org/wiki/Stylistika,1,,
http://psh.ntkcz.cz/skos/PSH11969,http://cs.wikipedia.org/wiki/Přírodní vědy,1,,
http://psh.ntkcz.cz/skos/PSH8333,http://cs.wikipedia.org/wiki/Diplomacie,1,,
http://psh.ntkcz.cz/skos/PSH9529,http://cs.wikipedia.org/wiki/Sociální darwinismus,1,,
http://psh.ntkcz.cz/skos/PSH12255,http://cs.wikipedia.org/wiki/Opevnění,1,,
http://psh.ntkcz.cz/skos/PSH7853,http://cs.wikipedia.org/wiki/Církevní dějiny,1,,
http://psh.ntkcz.cz/skos/PSH4046,http://cs.wikipedia.org/wiki/Hydrosféra,1,,
http://psh.ntkcz.cz/skos/PSH12291,http://cs.wikipedia.org/wiki/Balistické střely,0,http://cs.wikipedia.org/wiki/Balistick%C3%A1_st%C5%99ela,mělo by odkazovat sem:
http://psh.ntkcz.cz/skos/PSH2463,http://cs.wikipedia.org/wiki/Větrné elektrárny,1,,
http://psh.ntkcz.cz/skos/PSH665,http://cs.wikipedia.org/wiki/Kosti,1,,
http://psh.ntkcz.cz/skos/PSH6960,http://cs.wikipedia.org/wiki/Pikareskní román,1,,
http://psh.ntkcz.cz/skos/PSH7993,http://cs.wikipedia.org/wiki/Automatizace,1,,
http://psh.ntkcz.cz/skos/PSH13626,http://cs.wikipedia.org/wiki/Internetová telefonie,1,,
http://psh.ntkcz.cz/skos/PSH11857,http://cs.wikipedia.org/wiki/Hudba,1,,
http://psh.ntkcz.cz/skos/PSH4619,http://cs.wikipedia.org/wiki/Perm,1,,
http://psh.ntkcz.cz/skos/PSH574,http://cs.wikipedia.org/wiki/Obecná biologie,1,,
http://psh.ntkcz.cz/skos/PSH42,http://cs.wikipedia.org/wiki/Etnogeneze,1,,
http://psh.ntkcz.cz/skos/PSH11888,http://cs.wikipedia.org/wiki/Dramaturgie,1,,
http://psh.ntkcz.cz/skos/PSH13697,http://cs.wikipedia.org/wiki/Dřevostavby,1,,
http://psh.ntkcz.cz/skos/PSH3726,http://cs.wikipedia.org/wiki/Senzory,1,,
http://psh.ntkcz.cz/skos/PSH13835,http://cs.wikipedia.org/wiki/Stirlingův motor,1,,
http://psh.ntkcz.cz/skos/PSH11762,http://cs.wikipedia.org/wiki/Koláž,1,,
http://psh.ntkcz.cz/skos/PSH1248,http://cs.wikipedia.org/wiki/Riziko,1,,
http://psh.ntkcz.cz/skos/PSH12663,http://cs.wikipedia.org/wiki/Leukemie,1,,
http://psh.ntkcz.cz/skos/PSH13752,http://cs.wikipedia.org/wiki/Rádiové vlny,1,,
http://psh.ntkcz.cz/skos/PSH737,http://cs.wikipedia.org/wiki/Mozek,1,,
http://psh.ntkcz.cz/skos/PSH10322,http://cs.wikipedia.org/wiki/Odpady,1,,
http://psh.ntkcz.cz/skos/PSH11777,http://cs.wikipedia.org/wiki/Past,0,,neexistuje článek
http://psh.ntkcz.cz/skos/PSH1290,http://cs.wikipedia.org/wiki/Výroba,1,,
http://psh.ntkcz.cz/skos/PSH3728,http://cs.wikipedia.org/wiki/Polarimetrie,1,,
http://psh.ntkcz.cz/skos/PSH6862,http://cs.wikipedia.org/wiki/Citoslovce,1,,
http://psh.ntkcz.cz/skos/PSH6058,http://cs.wikipedia.org/wiki/Porfyriny,1,,
http://psh.ntkcz.cz/skos/PSH170,http://cs.wikipedia.org/wiki/Průmyslové stavby,0,,neexistuje přesný článek na wiki
http://psh.ntkcz.cz/skos/PSH733,http://cs.wikipedia.org/wiki/Nervy,1,,
http://psh.ntkcz.cz/skos/PSH7457,http://cs.wikipedia.org/wiki/Taylorův rozvoj,1,,
http://psh.ntkcz.cz/skos/PSH7216,http://cs.wikipedia.org/wiki/Rovnice,1,,
http://psh.ntkcz.cz/skos/PSH6739,http://cs.wikipedia.org/wiki/Arménština,1,,
http://psh.ntkcz.cz/skos/PSH283,http://cs.wikipedia.org/wiki/Ulice,1,,
http://psh.ntkcz.cz/skos/PSH12761,http://cs.wikipedia.org/wiki/Imunoterapie,1,,
http://psh.ntkcz.cz/skos/PSH12372,http://cs.wikipedia.org/wiki/Síťové protokoly,0,http://cs.wikipedia.org/wiki/S%C3%AD%C5%A5ov%C3%BD_protokol,mělo by odkazovat sem: 
http://psh.ntkcz.cz/skos/PSH4715,http://cs.wikipedia.org/wiki/Fluorit,1,,
http://psh.ntkcz.cz/skos/PSH3166,http://cs.wikipedia.org/wiki/Einsteinova teorie gravitace,1,,
http://psh.ntkcz.cz/skos/PSH5914,http://cs.wikipedia.org/wiki/Organická chemie,1,,
http://psh.ntkcz.cz/skos/PSH2236,http://cs.wikipedia.org/wiki/Jistič,1,,
http://psh.ntkcz.cz/skos/PSH4899,http://cs.wikipedia.org/wiki/Kaustobiolity,1,,
http://psh.ntkcz.cz/skos/PSH11872,http://cs.wikipedia.org/wiki/Komorní hudba,1,,
http://psh.ntkcz.cz/skos/PSH10118,http://cs.wikipedia.org/wiki/Obuv,1,,
http://psh.ntkcz.cz/skos/PSH923,http://cs.wikipedia.org/wiki/Hlodavci,1,,
http://psh.ntkcz.cz/skos/PSH1730,http://cs.wikipedia.org/wiki/Dumping,1,,
http://psh.ntkcz.cz/skos/PSH11140,http://cs.wikipedia.org/wiki/Sportovní letadla,0,http://cs.wikipedia.org/wiki/Sportovn%C3%AD_letadlo,mělo by odkazovat sem: 
http://psh.ntkcz.cz/skos/PSH92,http://cs.wikipedia.org/wiki/Etnomuzikologie,1,,
http://psh.ntkcz.cz/skos/PSH191,http://cs.wikipedia.org/wiki/Klenby,1,http://cs.wikipedia.org/wiki/Klenba,mělo by odkazovat sem:
http://psh.ntkcz.cz/skos/PSH5767,http://cs.wikipedia.org/wiki/Tantal,1,,
http://psh.ntkcz.cz/skos/PSH553,http://cs.wikipedia.org/wiki/Hubbleův teleskop,1,,
http://psh.ntkcz.cz/skos/PSH4091,http://cs.wikipedia.org/wiki/Tropický pás,1,,
http://psh.ntkcz.cz/skos/PSH5662,http://cs.wikipedia.org/wiki/Odměrná analýza,1,,
http://psh.ntkcz.cz/skos/PSH9306,http://cs.wikipedia.org/wiki/Adaptace,1,,
http://psh.ntkcz.cz/skos/PSH5659,http://cs.wikipedia.org/wiki/Skleněná elektroda,1,,
http://psh.ntkcz.cz/skos/PSH5522,http://cs.wikipedia.org/wiki/Eliminace,1,http://cs.wikipedia.org/wiki/Eliminace_%28chemie%29,"jde o obor chemie, takže by mělo odkazovat sem: "
http://psh.ntkcz.cz/skos/PSH13033,http://cs.wikipedia.org/wiki/Otorinolaryngologie,1,,
http://psh.ntkcz.cz/skos/PSH4609,http://cs.wikipedia.org/wiki/Starohory,1,,
http://psh.ntkcz.cz/skos/PSH516,http://cs.wikipedia.org/wiki/Kosmologie,1,,
http://psh.ntkcz.cz/skos/PSH13220,http://cs.wikipedia.org/wiki/Zemědělství,1,,
http://psh.ntkcz.cz/skos/PSH13048,http://cs.wikipedia.org/wiki/Dermatologie,1,,
http://psh.ntkcz.cz/skos/PSH12910,http://cs.wikipedia.org/wiki/Pedofilie,1,,
http://psh.ntkcz.cz/skos/PSH11092,http://cs.wikipedia.org/wiki/Traktory,0,http://cs.wikipedia.org/wiki/Traktor,mělo by odkazovat na traktor 
http://psh.ntkcz.cz/skos/PSH6093,http://cs.wikipedia.org/wiki/Polystyren,1,,
http://psh.ntkcz.cz/skos/PSH4357,http://cs.wikipedia.org/wiki/Oceány,1,,
http://psh.ntkcz.cz/skos/PSH8493,http://cs.wikipedia.org/wiki/Reálná unie,1,,
http://psh.ntkcz.cz/skos/PSH934,http://cs.wikipedia.org/wiki/Myxozoa,1,,
http://psh.ntkcz.cz/skos/PSH8635,http://cs.wikipedia.org/wiki/Jehněčí maso,1,,
http://psh.ntkcz.cz/skos/PSH7382,http://cs.wikipedia.org/wiki/Spojité zobrazení,1,,
http://psh.ntkcz.cz/skos/PSH5041,http://cs.wikipedia.org/wiki/Svahové pohyby,0,http://cs.wikipedia.org/wiki/Svahov%C3%BD_pohyb,mělo by odkazovat sem: 
http://psh.ntkcz.cz/skos/PSH815,http://cs.wikipedia.org/wiki/Cytogenetika,1,,
http://psh.ntkcz.cz/skos/PSH5857,http://cs.wikipedia.org/wiki/Silikagel,1,,
http://psh.ntkcz.cz/skos/PSH12759,http://cs.wikipedia.org/wiki/Krevní transfuze,1,,
http://psh.ntkcz.cz/skos/PSH1147,http://cs.wikipedia.org/wiki/Tramvajová doprava,1,,
http://psh.ntkcz.cz/skos/PSH9171,http://cs.wikipedia.org/wiki/Mezinárodní smlouvy,0,http://cs.wikipedia.org/wiki/Mezin%C3%A1rodn%C3%AD_smlouva,mělo by odkazovat sem
http://psh.ntkcz.cz/skos/PSH3548,http://cs.wikipedia.org/wiki/Kvantová fyzika,1,,
http://psh.ntkcz.cz/skos/PSH10045,http://cs.wikipedia.org/wiki/Kulturistika,1,,
http://psh.ntkcz.cz/skos/PSH13046,http://cs.wikipedia.org/wiki/Imunosuprese,1,,
http://psh.ntkcz.cz/skos/PSH10262,http://cs.wikipedia.org/wiki/Akumulační kamna,1,,
http://psh.ntkcz.cz/skos/PSH902,http://cs.wikipedia.org/wiki/Měkkýši,1,,
http://psh.ntkcz.cz/skos/PSH4356,http://cs.wikipedia.org/wiki/Oceánografie,1,,
http://psh.ntkcz.cz/skos/PSH589,http://cs.wikipedia.org/wiki/Molekulární biologie,1,,
http://psh.ntkcz.cz/skos/PSH1850,http://cs.wikipedia.org/wiki/Operační zesilovač,1,,
http://psh.ntkcz.cz/skos/PSH8319,http://cs.wikipedia.org/wiki/Mezinárodní organizace,1,,
http://psh.ntkcz.cz/skos/PSH11850,http://cs.wikipedia.org/wiki/Reportážní fotografie,1,,
http://psh.ntkcz.cz/skos/PSH4812,http://cs.wikipedia.org/wiki/Horniny,1,,
http://psh.ntkcz.cz/skos/PSH11059,http://cs.wikipedia.org/wiki/Nákladní automobily,1,,
http://psh.ntkcz.cz/skos/PSH928,http://cs.wikipedia.org/wiki/Kytovci,1,,
http://psh.ntkcz.cz/skos/PSH12017,http://cs.wikipedia.org/wiki/Hydrografie,1,,
http://psh.ntkcz.cz/skos/PSH886,http://cs.wikipedia.org/wiki/Psi,0,http://cs.wikipedia.org/wiki/Pes,mělo by odkazovat na 
http://psh.ntkcz.cz/skos/PSH6548,http://cs.wikipedia.org/wiki/Informatika,1,,
http://psh.ntkcz.cz/skos/PSH6413,http://cs.wikipedia.org/wiki/Pigmenty,1,,
http://psh.ntkcz.cz/skos/PSH2964,http://cs.wikipedia.org/wiki/Výkon,1,,
http://psh.ntkcz.cz/skos/PSH9721,http://cs.wikipedia.org/wiki/Vandalismus,1,,
http://psh.ntkcz.cz/skos/PSH12723,http://cs.wikipedia.org/wiki/Elektromyografie,1,,
http://psh.ntkcz.cz/skos/PSH10084,http://cs.wikipedia.org/wiki/Zušlechťování textilií,0,,neexistuje článek
http://psh.ntkcz.cz/skos/PSH918,http://cs.wikipedia.org/wiki/Ptáci,1,,
http://psh.ntkcz.cz/skos/PSH6872,http://cs.wikipedia.org/wiki/Věta,1,,